Stage,2021 (Actual),2022 (Actual),2023 (Actual),2024 (Actual),2025 (Actual),2026 (Projected),2027 (Projected),2028 (Projected),2029 (Projected),2030 (Projected),Notes,Source
Seed / Pre-Seed (USD Billion),35,28,22,24,28,32,37,43,50,58,Avg seed round $2.2M; US median $3.5M in 2024,DemandSage / high5test.com
Series A (USD Billion),65,50,38,42,48,55,64,74,86,100,US median ~$9.3M in 2024; up from ~$8M in 2023,high5test.com
Series B (USD Billion),90,70,50,58,68,78,90,104,120,138,,Crunchbase estimates
Series C (USD Billion),100,80,55,60,70,80,92,106,122,140,,Crunchbase estimates
Late Stage Series D+ (USD Billion),250,180,90,110,150,180,210,245,285,330,AI mega-rounds skew this significantly,Crunchbase
Mega Rounds $500M+ (USD Billion),103,66,30,36,61,75,90,108,130,156,Q2 2025: 16 companies raised $500M+,Crunchbase H1 2025
Median Days Between Funding Rounds,451,520,620,744,780,720,680,640,600,560,Improving as market normalizes post-winter,high5test.com
Median US Seed Round Size (USD Million),2.2,2.4,2.8,3.5,3.8,4.1,4.4,4.8,5.2,5.6,Steady upward trend,high5test.com
Median US Series A Size (USD Million),8.0,8.5,8.2,9.3,10.0,10.8,11.7,12.6,13.6,14.7,,high5test.com
