Metric,2021 (Actual),2022 (Actual),2023 (Actual),2024 (Actual),2025 (Actual),2026 (Projected),2027 (Projected),2028 (Projected),2029 (Projected),2030 (Projected),Source
Global Unicorn Count,900,1100,1200,1450,1565,1750,2050,2400,2800,3200,CB Insights Jan 2025
US Unicorn Count,520,620,680,702,702,780,900,1050,1220,1400,high5test.com; US = ~58% of global
China Unicorn Count,330,320,310,305,302,290,275,265,260,255,high5test.com; declining
India Unicorn Count,60,90,105,115,119,135,155,180,210,245,high5test.com; fastest growing
Average Startup Cost to Launch (USD),40000,40000,40000,40000,40000,42000,44000,46000,48000,51000,DemandSage
% Startups that Raise VC,0.05,0.05,0.05,0.05,0.05,0.05,0.06,0.06,0.07,0.07,DemandSage; majority self-fund
Female-Founded Startup VC Share (%),2,2,2,2,2,2.5,3,3.5,4,5,Women start ~50% US businesses but get 1-2% VC
First-Time Founder Success Rate (%),18,18,18,18,18,19,20,21,22,23,DemandSage
Repeat Founder Success Rate (%),20,20,20,20,20,21,22,23,24,25,DemandSage
Top Reason for Failure - Cash Flow (%),50,50,50,50,50,48,46,44,42,40,CB Insights
Top Reason for Failure - No Market Need (%),33,33,33,33,33,32,31,30,29,28,CB Insights
Average Age of Successful Founder (Years),42,42,42,42,42,42,43,43,43,44,high5test.com
