Rank_2025,City,Country,Rank_2024,Rank_Change,Ecosystem_Value_USD_Billion,Unicorns_2025,Unicorns_per_Million_People,Leading_Sector,VC_Funding_2024_USD_Billion,YoY_Growth_Rate_%,Rank_2030_Projected,Key_Insight,Source
1,Silicon Valley,USA,1,0,4200,384,45.0,AI / Deep Tech,180,8,1,Consistent #1; highest AI-native transition factor,Startup Genome 2025
2,New York City,USA,2,0,800,127,14.5,Fintech / Media,55,10,2,Tied London 2020-2024; fintech unicorn leader,Startup Genome 2025
3,London,UK,2,-1,650,65,7.2,Fintech / AI,42,7,3,Slipped from #2 for first time since 2019,Startup Genome 2025
4,Beijing,China,4,0,600,100,4.5,AI / E-commerce,28,-10,7,Declining domestic investment; IPO drought,Startup Genome 2025
5,Boston,USA,6,+1,400,45,6.3,BioTech / AI,30,12,4,Returned to top 5 after 2 years at #6,Startup Genome 2025
6,Tel Aviv,Israel,7,+1,200,20,2.77,Cybersecurity / AI,18,15,5,Highest unicorn density globally (2.77 per M),CB Insights 2025
7,Shanghai,China,5,-2,350,60,2.5,Fintech / AI,20,-12,9,Declining due to IPO/M&A exit drought,Crunchbase H1 2025
8,Los Angeles,USA,8,0,280,38,3.7,Entertainment Tech / AI,22,9,7,Growing creator economy hub,Startup Genome 2025
9,Singapore,Singapore,9,0,250,25,2.39,Fintech / Deep Tech,15,12,8,2nd highest unicorn density; SEA gateway,CB Insights 2025
10,Berlin,Germany,10,0,200,20,2.3,Fintech / Climate Tech,18,18,10,Germany led all EU countries in VC Q2 2025,Crunchbase Q2 2025
11,Bangalore,India,11,0,180,35,2.5,SaaS / Fintech,16,20,8,Fastest growing major ecosystem globally,Startup Genome 2025
12,Paris,France,14,+2,170,18,2.7,AI / Climate Tech,14,22,11,Moved up 2 positions; unicorn surge,Startup Genome 2025
13,Toronto,Canada,13,0,150,15,3.8,AI / Fintech,12,14,12,Growing AI research + startup nexus,Startup Genome 2025
14,Dubai,UAE,18,+4,100,8,7.8,Fintech / Logistics,9,30,13,Fastest rising Middle East hub; tax advantages,Startup Genome 2025
15,Mumbai,India,16,+1,90,12,0.8,Fintech / D2C,10,22,14,Rising alongside Bangalore; fintech focus,Startup Genome 2025
16,Stockholm,Sweden,15,-1,85,10,9.5,Fintech / Gaming,8,10,16,Highest per-capita unicorns in Europe,Startup Genome 2025
17,Sydney,Australia,17,0,75,8,2.9,Fintech / Climate Tech,7,12,17,Leading APAC hub outside Asia,Startup Genome 2025
27,Hong Kong,China,Emerging,+13,80,6,1.8,Fintech,7,15,20,Most improved Top 40 globally in 2025,Startup Genome 2025
